"state_name","state_abbr","black_rate","white_rate","democracy","ratio","gap","rank_ratio","rank_gap","rank_difference","absolute_rank_difference","pair","label_x","label_y","leader_x","leader_y","ratio_label","gap_label"
"Maryland","MD",1009.84,221.598,-0.18057941557754,4.55708084007978,788.242,21,46,25,25,"ratio",18,1450,120,1250,"Maryland
4.56 times","Maryland
788 more"
"South Dakota","SD",2054.6,447.944,0.268960269761646,4.58673405604272,1606.656,20,14,-6,6,"ratio",485,2790,525,2540,"South Dakota
4.59 times","South Dakota
1,607 more"
"Massachusetts","MA",628.356,107.508,0.333516550819764,5.84473713584105,520.848,16,48,32,32,"gap",18,365,115,540,"Massachusetts
5.84 times","Massachusetts
521 more"
"New Hampshire","NH",852.176,333.57,0.156614594126674,2.5547141529514,518.606,48,49,1,1,"gap",375,365,450,540,"New Hampshire
2.55 times","New Hampshire
519 more"
