STATEFP,STATE ABBREV,STATE NAME,2020 TOTAL POP,"2020 
URBAN POP",2020 PCT URBAN POP,"2020 
RURAL POP",2020 PCT RURAL POP,"2010 
TOTAL POP","2010 
URBAN POP",2010 PCT URBAN POP,"2010
 RURAL POP",2010 PCT RURAL POP
01,AL,Alabama,5024279,2900880,57.7372395123758,2123399,42.2627604876242,4779736,2821804,59.04,1957932,40.96
02,AK,Alaska,733391,475967,64.899487449396,257424,35.100512550604,710231,468893,66.02,241338,33.98
04,AZ,Arizona,7151502,6385230,89.2851599566077,766272,10.7148400433923,6392017,5740659,89.81,651358,10.19
05,AR,Arkansas,3011524,1670677,55.476131022034,1340847,44.523868977966,2915918,1637589,56.16,1278329,43.84
06,CA,California,39538223,37259490,94.2366327389069,2278733,5.76336726109315,37253956,35373606,94.95,1880350,5.05
08,CO,Colorado,5773714,4966936,86.0267065531822,806778,13.9732934468178,5029196,4332761,86.15,696435,13.85
09,CT,Connecticut,3605944,3110153,86.2507293513155,495791,13.7492706486845,3574097,3144942,87.99,429155,12.01
10,DE,Delaware,989948,817817,82.6121170000849,172131,17.3878829999151,897934,747949,83.3,149985,16.7
11,DC,District of Columbia,689545,689545,100,0,0,601723,601723,100,0,0
12,FL,Florida,21538187,19714806,91.5341945912161,1823381,8.46580540878394,18801310,17139844,91.16,1661466,8.84
13,GA,Georgia,10711908,7933986,74.0669729426354,2777922,25.9330270573646,9687653,7272151,75.07,2415502,24.93
15,HI,Hawaii,1455271,1252450,86.0630081957244,202821,13.9369918042756,1360301,1250489,91.93,109812,8.07
16,ID,Idaho,1839106,1273437,69.2421752742909,565669,30.7578247257091,1567582,1106370,70.58,461212,29.42
17,IL,Illinois,12812508,11137590,86.9274774306482,1674918,13.0725225693518,12830632,11353553,88.49,1477079,11.51
18,IN,Indiana,6785528,4829686,71.1762739760266,1955842,28.8237260239734,6483802,4697100,72.44,1786702,27.56
19,IA,Iowa,3190369,2014831,63.1535411734505,1175538,36.8464588265495,3046355,1950256,64.02,1096099,35.98
20,KS,Kansas,2937880,2124059,72.2990387626452,813821,27.7009612373548,2853118,2116961,74.2,736157,25.8
21,KY,Kentucky,4505836,2644856,58.6984524070561,1860980,41.3015475929439,4339367,2533343,58.38,1806024,41.62
22,LA,Louisiana,4657757,3332237,71.5416669439818,1325520,28.4583330560182,4533372,3317805,73.19,1215567,26.81
23,ME,Maine,1362359,526309,38.6321813853764,836050,61.3678186146236,1328361,513542,38.66,814819,61.34
24,MD,Maryland,6177224,5288760,85.6170992018421,888464,14.3829007981579,5773552,5034331,87.2,739221,12.8
25,MA,Massachusetts,7029917,6416895,91.2798116962121,613022,8.72018830378794,6547629,6021989,91.97,525640,8.03
26,MI,Michigan,10077331,7404258,73.4743951548282,2673073,26.5256048451718,9883640,7369957,74.57,2513683,25.43
27,MN,Minnesota,5706494,4101754,71.878705208487,1604740,28.121294791513,5303925,3886311,73.27,1417614,26.73
28,MS,Mississippi,2961279,1370790,46.2904711106248,1590489,53.7095288893752,2967297,1464224,49.35,1503073,50.65
29,MO,Missouri,6154913,4275663,69.4674806938782,1879250,30.5325193061218,5988927,4218371,70.44,1770556,29.56
30,MT,Montana,1084225,579177,53.4185247527036,505048,46.5814752472965,989415,553014,55.89,436401,44.11
31,NE,Nebraska,1961504,1432003,73.005357113725,529501,26.994642886275,1826341,1335686,73.13,490655,26.87
32,NV,Nevada,3104614,2921203,94.0923090599991,183411,5.90769094000092,2700551,2543797,94.2,156754,5.8
33,NH,New Hampshire,1377529,803420,58.323273049061,574109,41.676726950939,1316470,793872,60.3,522598,39.7
34,NJ,New Jersey,9288994,8708779,93.7537369493403,580215,6.24626305065974,8791894,8324126,94.68,467768,5.32
35,NM,New Mexico,2117522,1578552,74.5471357558505,538970,25.4528642441495,2059179,1594361,77.43,464818,22.57
36,NY,New York,20201249,17665166,87.4459099038876,2536083,12.5540900961124,19378102,17028105,87.87,2349997,12.13
37,NC,North Carolina,10439388,6964727,66.7158553738974,3474661,33.2841446261026,9535483,6301756,66.09,3233727,33.91
38,ND,North Dakota,779094,474989,60.9668409716928,304105,39.0331590283072,672591,402872,59.9,269719,40.1
39,OH,Ohio,11799448,9001099,76.2840685428674,2798349,23.7159314571326,11536504,8989694,77.92,2546810,22.08
40,OK,Oklahoma,3959353,2558611,64.6219470706451,1400742,35.3780529293549,3751351,2485029,66.24,1266322,33.76
41,OR,Oregon,4237256,3410984,80.4998329107328,826272,19.5001670892672,3831074,3104382,81.03,726692,18.97
42,PA,Pennsylvania,13002700,9941070,76.4538903458513,3061630,23.5461096541488,12702379,9991287,78.66,2711092,21.34
44,RI,Rhode Island,1097379,999191,91.0524987265111,98188,8.94750127348892,1052567,955043,90.73,97524,9.27
45,SC,South Carolina,5118425,3477869,67.9480308884081,1640556,32.0519691115919,4625364,3067809,66.33,1557555,33.67
46,SD,South Dakota,886667,507347,57.2195649550508,379320,42.7804350449492,814180,461247,56.65,352933,43.35
47,TN,Tennessee,6910840,4577282,66.2333667108485,2333558,33.7666332891515,6346105,4213245,66.39,2132860,33.61
48,TX,Texas,29145505,24400697,83.7202752191118,4744808,16.2797247808882,25145561,21298039,84.7,3847522,15.3
49,UT,Utah,3271616,2937303,89.7814107768149,334313,10.2185892231851,2763885,2503595,90.58,260290,9.42
50,VT,Vermont,643077,225850,35.1202111100226,417227,64.8797888899774,625741,243385,38.9,382356,61.1
51,VA,Virginia,8631393,6528313,75.6345238827615,2103080,24.3654761172386,8001024,6037094,75.45,1963930,24.55
53,WA,Washington,7705281,6424035,83.3718458807667,1281246,16.6281541192333,6724540,5651869,84.05,1072671,15.95
54,WV,West Virginia,1793716,800857,44.647926427595,992859,55.352073572405,1852994,902810,48.72,950184,51.28
55,WI,Wisconsin,5893718,3953691,67.0831383517162,1940027,32.9168616482838,5686986,3989638,70.15,1697348,29.85
56,WY,Wyoming,576851,357750,62.017748083994,219101,37.982251916006,563626,364993,64.76,198633,35.24
60,AS,American Samoa,49710,37652,75.7433112049889,12058,24.2566887950111,55519,47965,86.3938471514257,7554,13.6061528485744
66,GU,Guam,153836,136876,88.9752723679763,16960,11.0247276320237,159358,149918,94.0762308763915,9440,5.92376912360848
69,MP,Commonwealth of the Northern Marianas,47329,36921,78.0092543683577,10408,21.9907456316423,53883,48997,90.9322049626042,4886,9.06779503739584
72,PR,Puerto Rico,3285874,3018908,91.8753427550783,266966,8.12465724492175,3725789,3493256,93.76,232533,6.24
78,VI,US Virgin Islands,87146,82870,95.0932917173479,4276,4.9067082826521,106405,100607,94.5510079413561,5798,5.44899205864386
